candidate_id,job_family,seniority_level,location_market,process_duration_days,days_to_first_interview,days_between_last_interview_and_offer,num_interviews,num_process_stages,assessment_included,process_changes,candidate_experience_score,role_fit_score,culture_fit_score,manager_rating,final_interview_score,offered_salary_k,salary_increase_pct,bonus_offered,remote_policy,benefits_score,offer_competitiveness_score,candidate_has_other_offers,market_demand_level,offer_accepted
CAND_001,IT Support,Mid,Germany,24.0,14,1,5,4,1,3,5.0,5,6,6,7,86,20.06,1,Hybrid,8.0,10,0,5,1
CAND_002,Cybersecurity,Mid,Spain,39.0,9,2,5,3,1,4,4.0,6,4,4,10,30,13.06,1,Remote,10.0,8,1,4,0
CAND_003,Cloud,Mid,Spain,46.0,3,8,6,4,1,1,5.0,7,6,7,9,100,,0,Hybrid,6.0,4,0,2,0
CAND_004,IT Support,Senior,France,38.0,5,5,2,3,0,0,3.0,9,7,5,5,87,6.77,0,Onsite,4.0,10,1,3,1
CAND_005,Product,Mid,UK,31.0,10,7,4,7,1,3,6.0,6,6,4,4,50,,0,Remote,6.0,7,0,1,0
CAND_006,Cloud,Lead,France,13.0,8,2,5,6,1,3,6.0,4,7,10,5,109,25.23,1,Hybrid,8.0,8,1,2,1
CAND_007,Cloud,Mid,France,29.0,2,8,2,3,0,2,9.0,10,8,7,5,85,21.82,1,Remote,6.0,8,0,2,1
CAND_008,IT Support,Senior,France,41.0,6,6,5,7,0,4,8.0,5,9,7,4,116,17.43,0,Onsite,9.0,6,0,2,1
CAND_009,Data,Junior,France,45.0,12,8,4,6,1,2,3.0,8,4,9,4,49,28.76,0,Hybrid,9.0,10,0,5,1
CAND_010,Product,Mid,Remote EU,59.0,5,1,5,5,0,2,4.0,10,8,9,6,83,12.5,0,Remote,7.0,8,0,5,1
CAND_011,IT Support,Senior,Remote EU,13.0,13,1,6,3,0,4,3.0,4,5,5,9,54,5.48,0,Onsite,5.0,5,1,3,1
CAND_012,Product,Junior,Germany,,10,7,6,3,0,0,5.0,4,6,10,10,57,15.8,0,Remote,8.0,4,0,5,1
CAND_013,Product,Junior,Spain,26.0,9,8,5,5,1,2,3.0,5,5,5,6,34,5.83,1,Hybrid,8.0,5,1,5,1
CAND_014,Cloud,Lead,France,21.0,12,3,2,5,1,2,3.0,8,10,5,4,50,28.85,0,Hybrid,6.0,6,0,5,1
CAND_015,Cybersecurity,Senior,Germany,31.0,5,5,2,3,1,3,9.0,7,6,4,7,47,10.25,1,Hybrid,7.0,9,1,3,0
CAND_016,Product,Junior,Spain,26.0,2,1,2,5,0,4,4.0,9,9,8,10,76,24.72,1,Remote,6.0,6,0,3,1
CAND_017,AI,Mid,UK,19.0,5,7,5,4,1,1,5.0,8,8,5,7,99,24.36,0,Onsite,6.0,4,0,4,1
CAND_018,Cloud,Mid,Remote EU,,12,5,2,6,1,0,7.0,6,9,9,5,86,10.44,1,Onsite,8.0,8,0,4,1
CAND_019,Data,Senior,Spain,31.0,4,8,4,6,1,0,9.0,4,10,8,8,48,20.53,1,Remote,6.0,10,1,4,1
CAND_020,Cybersecurity,Mid,UK,35.0,11,8,6,6,1,4,7.0,6,7,4,5,94,6.2,0,Remote,5.0,10,0,4,0
CAND_021,AI,Junior,Spain,27.0,7,9,4,4,0,3,9.0,7,9,8,5,32,17.09,0,Onsite,6.0,7,1,2,1
CAND_022,AI,Junior,Remote EU,59.0,6,7,2,5,1,3,,6,9,6,8,71,5.37,0,Hybrid,5.0,6,1,2,1
CAND_023,Data,Mid,Remote EU,23.0,14,1,4,7,0,4,10.0,8,7,10,9,50,28.03,0,Hybrid,8.0,4,0,4,1
CAND_024,Cybersecurity,Senior,Germany,56.0,2,3,2,5,1,3,9.0,6,6,8,4,69,29.4,0,Hybrid,7.0,7,1,4,1
CAND_025,Cloud,Junior,France,38.0,12,8,5,3,0,0,8.0,7,7,5,7,96,10.56,0,Onsite,9.0,8,0,1,1
CAND_026,Software Engineering,Lead,Spain,21.0,11,3,4,6,0,0,3.0,7,8,4,5,54,10.2,0,Hybrid,5.0,9,0,2,1
CAND_027,Cybersecurity,Mid,Spain,45.0,11,8,5,5,0,1,6.0,7,9,10,8,84,23.84,0,Onsite,7.0,6,1,1,0
CAND_028,Data,Junior,UK,44.0,13,1,5,7,1,4,4.0,8,7,5,6,113,11.33,0,Remote,7.0,9,1,1,1
CAND_029,AI,Junior,Remote EU,21.0,5,5,3,3,0,2,7.0,7,10,10,5,81,27.38,0,Remote,5.0,4,1,5,0
CAND_030,Cloud,Junior,Spain,16.0,7,4,2,4,1,2,10.0,4,10,9,7,73,19.35,0,Hybrid,8.0,9,0,3,1
CAND_031,Cybersecurity,Lead,Remote EU,38.0,11,5,6,4,1,1,10.0,10,9,6,4,114,13.77,1,Onsite,4.0,9,0,2,1
CAND_032,Software Engineering,Senior,Spain,20.0,7,8,2,7,0,1,9.0,7,8,9,5,85,25.82,0,Onsite,7.0,4,0,4,1
CAND_033,Software Engineering,Mid,Germany,42.0,5,4,6,3,1,3,,6,5,5,5,84,17.34,1,Hybrid,7.0,4,1,4,0
CAND_034,Product,Senior,France,15.0,12,4,2,6,0,1,4.0,9,8,5,9,116,27.79,0,Remote,8.0,6,0,3,1
CAND_035,Product,Mid,Spain,56.0,9,3,5,5,1,1,8.0,6,4,5,8,99,28.2,1,Hybrid,8.0,9,1,2,1
CAND_036,IT Support,Senior,Remote EU,24.0,4,7,4,3,1,2,4.0,9,4,7,6,106,9.14,0,Hybrid,6.0,7,0,4,1
CAND_037,Data,Junior,Germany,41.0,11,3,4,4,0,3,3.0,6,4,6,6,116,5.06,1,Hybrid,,4,0,4,1
CAND_038,Cybersecurity,Mid,Spain,20.0,3,3,3,7,0,1,8.0,8,9,10,10,102,29.6,1,Hybrid,7.0,8,0,5,1
CAND_039,Cybersecurity,Junior,UK,32.0,4,5,6,7,0,1,4.0,6,10,5,4,110,27.65,0,Onsite,5.0,9,0,1,1
CAND_040,IT Support,Junior,France,35.0,5,5,6,5,1,3,8.0,8,6,5,10,95,6.39,1,Onsite,4.0,4,0,4,1
CAND_041,AI,Mid,Spain,43.0,13,6,6,7,1,4,9.0,8,10,10,7,48,25.83,1,Onsite,10.0,7,1,2,1
CAND_042,AI,Junior,Germany,55.0,6,8,5,7,1,3,9.0,7,6,9,4,112,16.45,0,Hybrid,6.0,10,1,3,1
CAND_043,IT Support,Junior,UK,43.0,3,6,6,3,1,2,,4,6,9,5,36,11.47,1,Remote,10.0,6,0,5,1
CAND_044,AI,Mid,Germany,38.0,2,1,4,6,0,4,3.0,9,10,5,5,92,26.97,1,Remote,5.0,9,0,2,1
CAND_045,Product,Lead,Germany,13.0,14,8,5,5,1,0,8.0,7,9,4,6,71,9.92,0,Onsite,4.0,10,0,5,1
CAND_046,Cybersecurity,Junior,UK,26.0,13,8,2,3,1,3,5.0,7,8,7,7,71,28.68,0,Onsite,4.0,4,1,1,1
CAND_047,IT Support,Junior,Germany,44.0,4,9,6,6,0,2,6.0,10,6,9,8,88,10.14,1,Onsite,4.0,4,0,4,1
CAND_048,Cybersecurity,Senior,UK,22.0,5,9,6,3,0,4,10.0,8,5,4,7,49,20.34,1,Hybrid,9.0,8,1,2,1
CAND_049,Software Engineering,Senior,Spain,50.0,4,2,2,3,0,3,4.0,8,10,7,5,102,10.58,1,Hybrid,5.0,8,0,3,0
CAND_050,Product,Mid,UK,48.0,14,2,6,7,1,1,4.0,9,10,5,8,46,18.64,1,Hybrid,6.0,9,0,1,0
CAND_051,Cloud,Mid,UK,24.0,11,3,2,6,1,3,5.0,6,4,6,7,56,22.1,0,Onsite,6.0,10,1,1,1
CAND_052,Product,Senior,France,38.0,13,1,5,5,0,0,5.0,6,8,8,7,76,9.76,1,Onsite,4.0,10,0,5,1
CAND_053,IT Support,Junior,UK,38.0,12,4,4,5,1,3,5.0,7,4,8,8,31,18.02,0,Onsite,5.0,4,0,1,1
CAND_054,Cloud,Lead,UK,20.0,3,4,2,6,0,4,7.0,5,10,5,5,92,16.73,0,Onsite,9.0,9,0,2,1
CAND_055,Software Engineering,Senior,Spain,41.0,8,9,3,7,1,4,7.0,5,10,9,7,91,6.78,1,Remote,4.0,4,0,5,1
CAND_056,IT Support,Mid,France,11.0,10,9,2,4,0,3,8.0,6,6,4,8,48,25.46,1,Onsite,8.0,8,0,1,1
CAND_057,Data,Junior,Remote EU,56.0,4,9,6,3,1,4,7.0,5,8,6,9,46,13.39,0,Hybrid,10.0,7,1,3,1
CAND_058,Cybersecurity,Lead,Spain,23.0,14,7,5,7,1,1,9.0,10,7,10,9,98,,1,Hybrid,6.0,5,1,2,1
CAND_059,Software Engineering,Mid,Spain,29.0,2,2,5,6,1,3,9.0,6,5,7,5,68,17.87,0,Remote,10.0,5,0,3,1
CAND_060,Cybersecurity,Mid,Remote EU,31.0,2,5,2,3,1,1,3.0,8,6,5,8,111,17.83,0,Remote,7.0,4,1,3,0
CAND_061,AI,Senior,UK,,1,4,4,5,0,1,10.0,7,10,6,9,100,7.68,1,Remote,4.0,10,0,5,1
CAND_062,Data,Senior,Germany,36.0,13,8,3,4,0,2,8.0,4,6,6,8,110,15.59,0,Onsite,8.0,8,0,4,1
CAND_063,Data,Lead,France,12.0,4,2,5,5,0,3,10.0,7,5,9,7,68,16.31,0,Hybrid,6.0,6,0,5,1
CAND_064,Software Engineering,Lead,Germany,,10,6,6,6,0,4,4.0,6,10,7,5,65,23.34,0,Remote,10.0,6,0,2,1
CAND_065,Data,Senior,Remote EU,53.0,9,5,6,3,1,1,6.0,10,5,6,9,69,26.0,1,Onsite,9.0,5,0,2,1
CAND_066,Cloud,Senior,Spain,37.0,14,2,4,6,0,2,3.0,6,7,9,10,74,18.62,0,Hybrid,5.0,7,1,5,0
CAND_067,Data,Senior,Spain,38.0,11,1,5,3,0,3,4.0,7,6,4,7,33,7.17,0,Remote,6.0,5,0,4,1
CAND_068,Cybersecurity,Senior,France,30.0,7,8,2,7,1,3,4.0,10,9,9,10,54,10.92,1,Hybrid,10.0,4,0,5,1
CAND_069,Cybersecurity,Mid,Spain,56.0,12,2,6,4,1,0,8.0,10,6,4,10,98,9.12,0,Onsite,5.0,7,0,2,1
CAND_070,IT Support,Junior,Spain,25.0,10,7,4,7,1,0,5.0,10,4,4,4,59,8.12,0,Onsite,10.0,6,1,4,1
CAND_071,Cybersecurity,Senior,France,46.0,7,9,5,7,0,1,5.0,9,8,10,4,105,14.15,1,Hybrid,5.0,10,1,2,1
CAND_072,IT Support,Senior,France,29.0,13,9,5,6,0,0,10.0,6,8,10,5,97,10.73,0,Onsite,9.0,8,0,4,1
CAND_073,Cybersecurity,Senior,Remote EU,15.0,7,8,5,4,1,1,3.0,5,4,6,9,117,,1,Hybrid,9.0,8,0,4,1
CAND_074,Cloud,Senior,Spain,28.0,8,9,5,3,0,4,5.0,5,10,9,9,58,6.37,0,Remote,4.0,4,0,5,0
CAND_075,IT Support,Senior,Spain,14.0,1,2,5,3,0,1,4.0,6,8,10,9,102,5.44,0,Onsite,4.0,5,0,5,0
CAND_076,Product,Junior,Remote EU,12.0,10,6,6,5,1,0,5.0,6,5,4,8,97,7.57,0,Remote,6.0,4,0,5,1
CAND_077,AI,Mid,UK,10.0,13,4,4,3,1,4,7.0,9,8,10,7,80,9.3,0,Hybrid,9.0,8,0,4,1
CAND_078,Software Engineering,Junior,UK,,10,4,5,6,1,0,5.0,5,8,7,9,53,15.77,1,Onsite,8.0,6,0,4,1
CAND_079,Cybersecurity,Mid,UK,24.0,8,5,3,7,0,1,4.0,6,4,6,7,43,17.76,0,Remote,10.0,8,0,2,1
CAND_080,Data,Junior,Remote EU,43.0,4,3,3,7,0,2,10.0,6,10,9,5,98,8.51,0,Remote,10.0,7,0,3,1
CAND_081,Cybersecurity,Senior,Spain,44.0,4,1,4,7,1,3,8.0,9,7,9,10,47,15.62,1,Hybrid,10.0,10,1,5,1
CAND_082,Data,Mid,Remote EU,58.0,4,8,2,4,0,0,3.0,9,8,8,9,71,13.54,1,Remote,6.0,10,1,2,1
CAND_083,AI,Senior,Remote EU,34.0,6,5,2,3,1,1,6.0,7,9,9,5,86,9.59,0,Remote,10.0,9,0,2,1
CAND_084,AI,Mid,UK,33.0,7,3,2,6,1,4,5.0,9,8,6,9,112,5.17,0,Remote,7.0,8,0,1,1
CAND_085,AI,Senior,Germany,21.0,6,7,3,4,1,0,9.0,4,7,7,4,41,16.68,0,Hybrid,5.0,8,0,5,1
CAND_086,Data,Mid,Spain,27.0,1,7,2,5,0,0,9.0,5,4,9,6,111,22.14,0,Remote,10.0,10,0,2,1
CAND_087,Cybersecurity,Mid,UK,24.0,12,1,6,6,0,3,10.0,7,7,8,5,46,10.66,0,Remote,5.0,9,1,1,1
CAND_088,AI,Mid,Germany,53.0,8,9,5,6,1,1,4.0,4,4,6,9,59,,1,Remote,,7,0,5,0
CAND_089,Cloud,Senior,Germany,25.0,13,2,3,6,1,2,6.0,6,5,4,6,117,27.18,1,Onsite,10.0,5,1,4,1
CAND_090,IT Support,Mid,France,36.0,10,5,4,7,1,4,6.0,6,4,5,5,104,11.88,0,Hybrid,8.0,8,1,1,1
CAND_091,Data,Lead,Spain,17.0,11,5,4,6,0,1,7.0,7,5,5,8,52,10.59,0,Hybrid,9.0,10,0,4,1
CAND_092,Data,Junior,Germany,55.0,13,8,5,3,0,4,6.0,9,5,4,9,110,26.43,0,Onsite,9.0,4,0,3,0
CAND_093,Cybersecurity,Mid,UK,34.0,7,8,3,6,1,0,9.0,10,4,10,8,30,25.43,0,Remote,4.0,8,0,3,1
CAND_094,Data,Lead,France,26.0,6,7,2,7,1,3,8.0,10,9,9,4,108,16.21,0,Onsite,7.0,4,0,3,1
CAND_095,Data,Mid,Spain,38.0,6,7,2,6,1,3,4.0,6,6,5,9,61,17.23,1,Onsite,6.0,7,0,3,1
CAND_096,AI,Mid,Remote EU,17.0,5,6,6,5,0,2,,10,4,10,10,38,10.44,1,Remote,6.0,8,0,2,1
CAND_097,Cybersecurity,Mid,UK,24.0,6,6,6,5,1,3,5.0,8,8,5,4,44,6.96,1,Hybrid,8.0,10,1,3,1
CAND_098,AI,Mid,Germany,36.0,12,9,2,7,1,0,5.0,7,9,4,6,57,19.34,1,Onsite,4.0,7,0,2,1
CAND_099,IT Support,Senior,Germany,55.0,9,6,4,3,1,2,5.0,4,9,9,5,53,7.46,0,Hybrid,4.0,7,0,2,1
CAND_100,IT Support,Junior,UK,59.0,10,2,4,3,1,1,9.0,7,8,9,7,89,16.23,1,Hybrid,7.0,5,1,5,1
CAND_101,AI,Mid,Germany,16.0,9,2,6,4,0,3,9.0,5,6,10,4,64,28.51,0,Onsite,10.0,8,1,2,1
CAND_102,IT Support,Mid,France,12.0,10,5,5,7,1,2,10.0,9,9,4,7,115,28.82,0,Remote,6.0,4,0,2,0
CAND_103,Cybersecurity,Senior,Spain,38.0,8,4,2,6,0,0,9.0,9,5,10,7,56,10.98,1,Hybrid,10.0,4,1,3,1
CAND_104,Software Engineering,Mid,France,53.0,10,2,6,7,1,4,9.0,7,6,9,5,112,20.6,0,Hybrid,4.0,8,0,2,1
CAND_105,AI,Junior,Germany,33.0,9,3,6,4,1,4,9.0,6,10,9,6,105,16.85,1,Hybrid,10.0,9,0,4,1
CAND_106,Cloud,Senior,Remote EU,12.0,13,7,2,7,0,0,9.0,6,8,6,5,49,26.89,0,Hybrid,9.0,5,0,3,1
CAND_107,Cloud,Senior,Spain,29.0,10,8,2,7,1,0,8.0,8,6,10,9,94,11.79,1,Onsite,8.0,5,0,1,1
CAND_108,Data,Junior,Spain,55.0,8,6,4,4,0,4,9.0,8,4,6,4,114,5.09,1,Onsite,6.0,5,1,3,1
CAND_109,IT Support,Mid,UK,24.0,8,5,5,3,1,2,10.0,9,6,4,7,78,9.06,1,Hybrid,7.0,4,1,2,1
CAND_110,Cloud,Mid,UK,34.0,1,1,5,6,1,4,6.0,8,5,7,5,30,13.74,1,Remote,8.0,7,1,4,1
CAND_111,Data,Mid,Remote EU,39.0,10,8,2,4,0,0,6.0,4,4,5,5,39,12.89,0,Onsite,5.0,10,0,3,1
CAND_112,Software Engineering,Mid,Spain,23.0,11,3,3,5,0,3,7.0,8,7,6,5,76,24.78,1,Hybrid,9.0,9,0,4,1
CAND_113,Cybersecurity,Mid,Remote EU,16.0,5,6,6,3,1,1,8.0,4,8,5,4,88,22.01,1,Remote,7.0,5,0,1,1
CAND_114,Cybersecurity,Junior,UK,26.0,4,3,6,5,0,3,5.0,8,8,8,6,91,12.49,1,Onsite,8.0,4,0,1,1
CAND_115,Cybersecurity,Junior,UK,53.0,2,7,2,3,1,3,3.0,9,6,4,10,115,16.44,1,Onsite,4.0,4,1,5,0
CAND_116,Cloud,Lead,Spain,29.0,8,7,3,6,1,0,9.0,9,9,7,5,47,7.39,1,Hybrid,5.0,7,1,5,1
CAND_117,Software Engineering,Senior,France,45.0,3,9,4,6,1,4,7.0,4,4,8,4,75,27.45,1,Hybrid,7.0,8,0,3,0
CAND_118,Cloud,Mid,Germany,18.0,4,5,2,7,0,2,3.0,7,7,8,7,61,28.39,1,Onsite,4.0,8,0,5,1
CAND_119,IT Support,Lead,UK,47.0,12,8,2,5,1,3,,9,4,9,9,56,29.5,1,Hybrid,9.0,10,0,4,1
CAND_120,Cloud,Senior,UK,57.0,7,8,6,3,1,4,6.0,7,8,8,10,47,26.71,1,Hybrid,5.0,10,0,5,1
CAND_121,Software Engineering,Mid,France,31.0,10,1,2,6,0,2,7.0,6,4,4,8,68,9.35,0,Hybrid,6.0,5,0,4,1
CAND_122,Software Engineering,Mid,France,11.0,9,5,2,4,1,3,10.0,4,7,6,10,78,6.15,0,Onsite,4.0,10,0,5,1
CAND_123,IT Support,Junior,Remote EU,33.0,2,3,2,6,1,2,7.0,10,9,4,10,111,19.49,0,Hybrid,8.0,5,0,5,1
CAND_124,Software Engineering,Junior,Remote EU,17.0,3,1,6,4,1,4,4.0,9,6,6,4,73,27.82,0,Remote,10.0,9,0,5,1
CAND_125,Software Engineering,Senior,Germany,20.0,4,4,4,3,0,1,10.0,5,5,8,8,101,9.43,0,Remote,7.0,10,0,2,1
CAND_126,Cybersecurity,Mid,Germany,22.0,10,8,4,6,1,4,6.0,6,4,8,5,83,5.18,1,Remote,5.0,7,0,2,1
CAND_127,IT Support,Junior,Spain,26.0,1,3,2,6,0,0,6.0,7,5,7,5,63,25.14,0,Hybrid,4.0,5,1,5,1
CAND_128,Product,Lead,Remote EU,17.0,7,2,6,3,0,2,8.0,9,8,6,10,100,6.92,0,Hybrid,6.0,7,0,4,1
CAND_129,Product,Senior,UK,30.0,2,9,4,6,1,1,7.0,4,6,8,4,65,15.34,1,Hybrid,,4,1,3,1
CAND_130,Software Engineering,Junior,Remote EU,27.0,5,5,4,4,1,2,9.0,10,10,9,8,47,21.97,1,Onsite,7.0,5,0,1,1
CAND_131,Product,Lead,UK,39.0,1,7,4,6,0,2,6.0,8,6,5,5,67,10.92,1,Onsite,7.0,4,0,2,1
CAND_132,Product,Lead,France,27.0,3,2,6,5,0,3,7.0,10,4,7,7,88,7.1,1,Hybrid,4.0,6,0,5,1
CAND_133,Software Engineering,Lead,Remote EU,55.0,12,9,6,7,0,0,8.0,5,9,4,6,38,24.25,1,Onsite,6.0,7,0,1,1
CAND_134,Product,Junior,France,56.0,2,9,2,4,0,2,9.0,7,6,7,6,102,20.75,0,Onsite,9.0,6,1,2,1
CAND_135,Cloud,Senior,Germany,40.0,1,4,5,5,0,4,10.0,6,4,5,5,101,29.71,1,Remote,,5,0,3,1
CAND_136,Data,Mid,Germany,47.0,7,4,4,3,0,4,,10,4,6,8,80,13.61,1,Onsite,9.0,4,1,4,1
CAND_137,IT Support,Senior,Spain,41.0,5,6,5,4,1,3,4.0,4,5,4,9,64,6.54,0,Onsite,5.0,5,1,5,1
CAND_138,Data,Lead,Remote EU,20.0,1,6,6,7,1,0,9.0,5,6,4,5,111,23.36,0,Onsite,4.0,6,0,3,1
CAND_139,Software Engineering,Senior,France,54.0,6,1,6,7,1,0,7.0,4,4,6,9,34,18.04,1,Hybrid,10.0,5,0,2,0
CAND_140,Cybersecurity,Senior,UK,34.0,5,9,6,3,1,4,6.0,9,5,10,9,43,10.33,0,Hybrid,5.0,9,1,5,1
CAND_141,IT Support,Senior,Germany,42.0,3,2,5,3,0,1,6.0,8,7,10,8,59,24.54,1,Hybrid,9.0,8,0,1,1
CAND_142,Software Engineering,Senior,Germany,47.0,12,5,6,4,1,3,7.0,6,10,7,9,33,10.09,0,Hybrid,10.0,6,1,4,1
CAND_143,Cybersecurity,Mid,UK,50.0,7,9,2,6,1,3,7.0,4,5,8,7,68,11.52,1,Remote,7.0,5,0,2,1
CAND_144,Data,Junior,France,17.0,11,4,6,3,1,4,7.0,7,5,10,8,113,7.31,1,Remote,5.0,4,0,4,1
CAND_145,Software Engineering,Mid,France,20.0,10,3,3,6,1,4,5.0,9,4,7,5,93,14.99,0,Remote,6.0,5,0,5,1
CAND_146,IT Support,Senior,Remote EU,31.0,9,7,5,5,1,1,9.0,9,8,10,10,54,15.47,0,Remote,8.0,4,0,3,1
CAND_147,IT Support,Junior,Remote EU,33.0,14,6,3,7,1,1,,6,8,5,7,57,17.86,1,Hybrid,9.0,8,1,4,1
CAND_148,AI,Mid,Spain,50.0,13,8,6,6,0,0,9.0,9,9,9,4,105,22.72,1,Onsite,9.0,5,0,1,1
CAND_149,Cloud,Junior,Germany,26.0,13,3,2,7,1,3,8.0,7,8,8,6,95,27.65,1,Onsite,6.0,10,1,2,1
CAND_150,Product,Mid,Remote EU,21.0,9,5,4,6,1,3,6.0,4,5,7,5,107,8.44,0,Onsite,10.0,10,0,1,1
CAND_151,Cybersecurity,Senior,France,55.0,14,4,6,5,1,4,5.0,6,9,9,5,51,6.36,1,Hybrid,10.0,8,0,4,1
CAND_152,AI,Senior,UK,41.0,9,4,2,3,1,0,7.0,9,4,9,5,60,5.46,0,Remote,10.0,6,0,3,1
CAND_153,Product,Junior,France,24.0,2,4,5,5,0,3,4.0,9,6,10,7,52,8.59,0,Hybrid,5.0,4,0,3,1
CAND_154,Product,Lead,Germany,25.0,3,8,3,3,0,0,7.0,7,10,6,4,77,21.45,0,Onsite,4.0,10,0,1,1
CAND_155,Software Engineering,Mid,France,31.0,7,6,3,3,1,0,10.0,8,10,5,10,49,23.19,1,Hybrid,7.0,9,0,5,1
CAND_156,Product,Mid,Spain,37.0,5,3,3,7,1,4,7.0,8,5,5,8,67,24.66,0,Remote,8.0,6,1,5,1
CAND_157,Cloud,Senior,Germany,29.0,2,5,5,5,1,0,5.0,10,5,5,4,84,11.09,0,Hybrid,4.0,4,0,3,1
CAND_158,IT Support,Mid,UK,42.0,3,6,2,6,0,1,9.0,9,9,8,7,97,12.65,1,Remote,4.0,8,0,1,1
CAND_159,AI,Mid,Spain,19.0,10,5,5,5,0,1,6.0,4,4,4,5,108,17.08,1,Remote,6.0,10,1,1,0
CAND_160,Product,Senior,Germany,49.0,6,6,3,7,1,2,7.0,6,7,8,6,117,6.58,0,Remote,5.0,7,1,1,1
CAND_161,Software Engineering,Junior,UK,41.0,13,8,6,3,1,4,6.0,9,5,7,5,118,20.28,0,Remote,9.0,5,0,4,1
CAND_162,Cloud,Mid,Spain,59.0,7,7,4,7,1,2,3.0,5,7,9,8,30,29.59,0,Remote,9.0,8,0,5,1
CAND_163,Data,Mid,Spain,42.0,9,5,5,4,1,1,8.0,6,7,9,9,36,14.02,0,Onsite,6.0,4,1,5,1
CAND_164,IT Support,Mid,Germany,11.0,1,6,5,4,1,2,9.0,10,8,4,6,86,23.82,1,Onsite,5.0,4,0,4,1
CAND_165,IT Support,Mid,Remote EU,42.0,11,4,2,6,0,4,6.0,8,4,7,5,41,17.5,0,Hybrid,6.0,4,0,2,1
CAND_166,AI,Mid,Spain,42.0,7,9,2,7,1,4,4.0,9,10,4,10,34,8.2,1,Onsite,9.0,4,0,4,1
CAND_167,IT Support,Senior,Spain,50.0,8,4,5,6,1,0,8.0,7,10,9,6,79,19.56,1,Remote,4.0,5,1,1,1
CAND_168,Product,Senior,UK,22.0,12,1,3,6,1,3,10.0,5,7,10,9,71,12.5,0,Onsite,7.0,6,0,4,1
CAND_169,Software Engineering,Senior,France,39.0,14,7,4,4,1,0,10.0,9,10,8,4,41,,1,Remote,10.0,9,1,1,1
CAND_170,IT Support,Senior,Germany,42.0,3,7,2,6,1,4,4.0,10,4,5,7,47,20.87,0,Hybrid,5.0,7,0,3,1
CAND_171,IT Support,Senior,Germany,22.0,4,4,3,4,0,1,7.0,4,8,9,5,95,26.47,0,Hybrid,8.0,5,1,1,1
CAND_172,Data,Junior,Remote EU,35.0,10,3,6,3,1,1,8.0,5,4,6,8,103,13.62,0,Remote,8.0,4,0,5,1
CAND_173,Data,Mid,Remote EU,31.0,6,8,2,7,0,0,6.0,10,5,5,4,108,14.76,0,Hybrid,4.0,5,0,4,1
CAND_174,Cybersecurity,Mid,Germany,48.0,10,5,3,6,1,4,8.0,9,7,9,5,46,27.28,0,Hybrid,6.0,8,1,1,1
CAND_175,Cloud,Junior,Remote EU,11.0,7,7,3,4,0,1,7.0,4,4,8,4,97,25.34,0,Onsite,6.0,9,0,2,1
CAND_176,Product,Mid,UK,47.0,13,4,4,5,0,4,5.0,5,10,4,8,100,22.87,1,Hybrid,9.0,4,0,3,1
CAND_177,IT Support,Mid,Germany,48.0,14,4,4,6,1,1,9.0,4,6,10,5,91,11.22,1,Onsite,4.0,7,0,2,1
CAND_178,IT Support,Senior,Remote EU,35.0,4,8,6,3,0,4,4.0,4,4,10,9,70,27.76,1,Hybrid,9.0,4,0,2,1
CAND_179,Software Engineering,Lead,Germany,55.0,8,8,3,3,1,2,7.0,5,7,5,9,63,8.86,0,Hybrid,9.0,9,0,2,1
CAND_180,Cybersecurity,Mid,France,59.0,5,2,3,5,1,4,5.0,5,8,8,8,99,20.67,1,Remote,8.0,7,1,3,1
CAND_181,Cloud,Mid,Spain,24.0,1,2,4,4,0,4,8.0,4,10,10,6,74,5.72,1,Remote,9.0,9,0,3,1
CAND_182,Cybersecurity,Junior,Germany,43.0,4,3,2,6,1,0,8.0,10,8,10,8,87,21.09,1,Hybrid,10.0,7,0,3,1
CAND_183,AI,Lead,Spain,51.0,3,3,2,4,1,2,7.0,8,7,7,6,80,11.93,1,Hybrid,9.0,6,0,3,1
CAND_184,Cloud,Lead,Remote EU,53.0,9,1,5,3,1,3,6.0,5,10,6,5,63,16.24,1,Remote,8.0,10,1,2,1
CAND_185,IT Support,Mid,Spain,58.0,8,3,4,4,0,0,8.0,9,5,5,6,73,13.63,0,Hybrid,10.0,6,1,5,1
CAND_186,IT Support,Senior,Germany,49.0,1,6,5,3,0,3,6.0,6,10,4,5,44,9.32,1,Hybrid,,5,0,5,1
CAND_187,Cloud,Junior,France,20.0,11,8,4,4,0,1,6.0,7,5,10,5,107,20.55,0,Hybrid,5.0,5,0,3,1
CAND_188,IT Support,Junior,Remote EU,12.0,6,6,6,5,0,3,9.0,4,8,7,10,99,27.05,1,Remote,7.0,7,1,4,1
CAND_189,Product,Junior,Germany,15.0,9,5,3,7,0,4,6.0,4,8,8,7,79,28.98,0,Hybrid,9.0,4,0,1,1
CAND_190,Cloud,Mid,Remote EU,18.0,7,4,6,5,1,3,3.0,7,7,10,5,61,9.81,0,Hybrid,10.0,10,1,4,1
CAND_191,Cybersecurity,Lead,UK,15.0,4,3,4,5,1,0,9.0,8,5,6,6,96,22.93,0,Hybrid,5.0,8,1,4,0
CAND_192,Cloud,Senior,Spain,18.0,13,4,3,7,1,0,5.0,7,8,4,7,32,21.61,1,Hybrid,8.0,8,1,4,1
CAND_193,IT Support,Mid,UK,48.0,1,7,2,7,1,3,5.0,5,5,8,7,115,13.58,0,Onsite,5.0,4,0,5,1
CAND_194,Product,Senior,Germany,40.0,12,1,2,6,0,0,8.0,7,8,8,5,115,5.48,0,Hybrid,7.0,4,1,1,1
CAND_195,Product,Lead,France,41.0,2,7,5,6,0,0,8.0,4,10,5,8,103,22.24,1,Remote,5.0,6,1,4,1
CAND_196,AI,Lead,Remote EU,50.0,12,1,4,5,0,3,6.0,7,4,10,8,80,28.64,1,Remote,10.0,8,0,3,1
CAND_197,Cybersecurity,Junior,Spain,59.0,5,2,4,5,0,2,9.0,6,6,5,9,96,20.8,0,Hybrid,5.0,7,0,5,1
CAND_198,Data,Mid,Remote EU,21.0,12,4,2,3,1,2,9.0,9,10,4,7,105,15.88,0,Hybrid,,9,0,3,1
CAND_199,Data,Junior,Germany,17.0,11,1,6,3,1,1,3.0,5,9,10,5,77,18.13,1,Onsite,5.0,5,0,3,1
CAND_200,Cloud,Mid,Remote EU,17.0,5,9,3,6,0,0,6.0,7,4,9,10,46,9.99,1,Remote,4.0,9,0,4,1
CAND_201,AI,Junior,Spain,59.0,8,6,6,6,0,3,3.0,4,9,10,8,36,23.76,1,Remote,9.0,6,0,3,1
CAND_202,Software Engineering,Senior,Germany,37.0,6,1,6,3,1,0,10.0,10,8,9,10,42,23.66,1,Onsite,8.0,8,0,1,1
CAND_203,Cloud,Mid,Remote EU,29.0,8,1,2,3,1,4,6.0,9,6,8,5,95,8.64,0,Onsite,7.0,10,0,3,1
CAND_204,AI,Junior,France,56.0,2,6,2,4,0,0,4.0,5,6,5,5,33,26.95,1,Remote,8.0,4,0,4,1
CAND_205,Cybersecurity,Mid,Germany,16.0,3,4,2,4,1,0,4.0,4,8,6,7,39,11.73,1,Hybrid,4.0,10,1,3,1
CAND_206,Cybersecurity,Mid,Germany,20.0,6,4,5,3,1,2,7.0,8,8,10,10,117,29.56,1,Hybrid,4.0,10,1,5,1
CAND_207,Cybersecurity,Mid,France,29.0,12,6,6,4,0,3,6.0,6,5,6,9,46,,0,Onsite,10.0,8,0,5,1
CAND_208,Cybersecurity,Mid,UK,25.0,13,7,4,7,0,0,9.0,8,8,10,7,81,9.45,1,Onsite,4.0,7,0,5,1
CAND_209,Cybersecurity,Junior,Spain,13.0,10,9,3,6,1,2,8.0,6,7,8,4,35,13.79,1,Hybrid,9.0,6,0,2,1
CAND_210,AI,Mid,UK,15.0,3,5,5,6,1,1,5.0,7,8,5,10,112,16.0,0,Remote,4.0,4,1,5,1
CAND_211,AI,Mid,Remote EU,31.0,6,9,4,3,1,2,7.0,5,7,4,8,98,6.73,1,Hybrid,5.0,9,1,5,1
CAND_212,Product,Senior,France,35.0,6,4,6,5,0,2,8.0,7,8,4,8,103,19.46,1,Hybrid,,7,1,2,1
CAND_213,Data,Mid,UK,12.0,2,2,2,3,0,2,4.0,6,5,4,8,38,,1,Onsite,6.0,9,0,5,1
CAND_214,IT Support,Junior,Germany,50.0,7,3,6,4,1,0,6.0,6,7,10,6,106,23.47,1,Hybrid,7.0,5,1,4,1
CAND_215,Cybersecurity,Junior,Remote EU,51.0,12,1,3,5,1,0,7.0,6,4,10,5,112,5.73,1,Onsite,4.0,6,0,5,1
CAND_216,Software Engineering,Lead,Remote EU,23.0,2,6,5,4,0,1,6.0,9,7,6,7,50,18.53,1,Hybrid,8.0,7,1,5,0
CAND_217,IT Support,Mid,UK,20.0,6,6,5,7,1,4,4.0,4,10,5,8,53,6.32,0,Remote,10.0,7,0,2,1
CAND_218,AI,Mid,UK,27.0,1,1,3,4,1,4,7.0,5,5,10,4,33,22.53,0,Onsite,4.0,9,1,4,1
CAND_219,Software Engineering,Lead,France,21.0,3,3,4,7,1,4,4.0,7,9,5,8,53,6.39,0,Onsite,,4,0,3,1
CAND_220,Software Engineering,Junior,Spain,32.0,2,5,4,7,1,1,3.0,7,7,6,9,88,27.79,1,Onsite,4.0,5,1,1,1
CAND_221,Software Engineering,Senior,UK,21.0,7,3,5,4,1,4,4.0,8,10,10,5,32,22.55,1,Hybrid,4.0,9,1,4,1
CAND_222,Product,Mid,UK,22.0,14,3,5,4,1,4,9.0,6,10,4,10,97,17.68,1,Remote,4.0,7,0,3,1
CAND_223,AI,Junior,Germany,34.0,4,3,2,7,1,2,9.0,10,10,4,5,69,16.04,1,Onsite,10.0,6,0,4,1
CAND_224,Software Engineering,Mid,Remote EU,54.0,8,5,4,5,0,0,6.0,6,8,8,10,77,8.27,1,Remote,4.0,7,1,3,0
CAND_225,Cybersecurity,Senior,Spain,28.0,6,5,3,7,1,0,5.0,6,10,9,10,83,12.27,1,Onsite,7.0,8,0,3,1
CAND_226,Cloud,Mid,Germany,55.0,12,4,4,6,0,2,4.0,10,8,7,7,64,26.72,0,Remote,8.0,6,0,4,1
CAND_227,Software Engineering,Lead,France,45.0,10,1,2,7,1,2,8.0,7,9,9,6,85,27.61,1,Hybrid,9.0,6,0,2,1
CAND_228,Product,Mid,France,54.0,4,5,5,5,0,2,9.0,8,5,10,10,118,5.02,0,Hybrid,4.0,7,0,4,1
CAND_229,IT Support,Senior,UK,17.0,5,5,5,6,0,0,10.0,4,6,5,10,69,19.85,1,Hybrid,4.0,4,0,4,1
CAND_230,AI,Mid,UK,38.0,13,4,2,3,0,4,5.0,10,8,10,7,106,22.98,1,Hybrid,4.0,6,0,3,0
CAND_231,Product,Senior,France,41.0,13,6,3,3,0,2,3.0,9,10,5,8,97,20.47,1,Remote,4.0,8,0,1,1
CAND_232,Software Engineering,Mid,UK,53.0,9,4,5,5,1,1,7.0,5,10,5,9,75,7.04,0,Remote,,9,0,3,1
CAND_233,AI,Junior,Spain,27.0,7,7,6,7,1,2,7.0,10,4,9,4,107,,0,Hybrid,5.0,4,1,5,1
CAND_234,Cloud,Junior,UK,15.0,10,7,5,4,1,3,9.0,4,10,7,7,42,11.26,1,Onsite,6.0,4,1,4,1
CAND_235,Software Engineering,Junior,Remote EU,27.0,14,2,6,5,0,2,5.0,7,5,8,6,56,25.79,1,Onsite,4.0,4,1,4,1
CAND_236,Product,Junior,UK,28.0,14,3,2,6,0,0,9.0,9,7,9,7,35,16.58,0,Remote,6.0,6,0,2,1
CAND_237,Data,Junior,Germany,31.0,9,1,2,6,0,2,7.0,9,7,7,5,46,17.17,1,Hybrid,7.0,4,1,3,1
CAND_238,Cybersecurity,Senior,Spain,46.0,7,8,5,3,0,3,10.0,9,10,4,8,65,28.37,0,Hybrid,6.0,7,0,2,1
CAND_239,IT Support,Mid,Germany,41.0,12,9,4,6,1,1,4.0,6,4,4,8,110,20.93,1,Hybrid,8.0,4,0,4,1
CAND_240,Product,Senior,Germany,50.0,1,4,6,5,0,4,5.0,5,8,5,10,31,27.47,1,Remote,5.0,8,1,3,1
CAND_241,AI,Lead,Remote EU,12.0,12,6,3,6,0,2,6.0,7,5,6,8,106,16.41,1,Hybrid,5.0,5,1,3,1
CAND_242,Software Engineering,Mid,Spain,37.0,8,9,5,5,0,3,4.0,7,4,10,8,81,8.74,1,Remote,4.0,8,1,5,0
CAND_243,Cybersecurity,Senior,Spain,19.0,4,6,3,4,0,3,4.0,9,8,10,8,95,28.25,1,Remote,4.0,6,1,5,1
CAND_244,Software Engineering,Senior,Spain,44.0,3,9,5,3,1,1,4.0,7,5,5,8,81,16.47,1,Hybrid,7.0,4,0,1,1
CAND_245,AI,Mid,Spain,38.0,14,4,4,6,1,0,6.0,5,10,6,4,72,9.54,0,Onsite,9.0,4,0,5,0
CAND_246,Software Engineering,Junior,Spain,24.0,13,8,4,5,0,2,10.0,5,7,7,6,119,12.56,0,Remote,7.0,7,1,3,1
CAND_247,Data,Junior,Remote EU,42.0,7,9,4,7,0,3,3.0,8,5,4,10,51,6.27,0,Hybrid,8.0,9,0,5,1
CAND_248,Cybersecurity,Mid,UK,16.0,12,4,4,3,0,1,10.0,10,10,10,8,84,16.71,1,Remote,4.0,4,0,1,1
CAND_249,Cybersecurity,Mid,Germany,21.0,3,5,2,4,0,4,10.0,10,9,9,10,96,26.33,0,Onsite,4.0,10,1,4,1
CAND_250,AI,Junior,Spain,58.0,8,8,2,5,0,3,10.0,8,6,6,6,89,28.34,0,Onsite,7.0,8,1,5,0
CAND_251,IT Support,Senior,UK,39.0,6,6,6,4,1,1,8.0,4,5,7,9,87,28.32,0,Remote,7.0,6,0,3,1
CAND_252,Data,Senior,UK,30.0,5,7,3,4,1,0,9.0,10,6,4,8,41,8.13,0,Hybrid,7.0,5,1,4,1
CAND_253,Product,Junior,Germany,40.0,4,3,5,6,1,0,7.0,5,5,9,10,117,14.55,0,Hybrid,5.0,4,1,3,1
CAND_254,Software Engineering,Mid,Remote EU,33.0,8,7,5,6,1,3,9.0,5,6,6,7,98,5.71,1,Remote,6.0,5,1,4,1
CAND_255,Cloud,Junior,France,29.0,8,8,2,5,1,3,5.0,10,9,5,10,113,26.38,1,Hybrid,6.0,4,0,3,1
CAND_256,Software Engineering,Mid,France,46.0,12,6,5,7,1,2,10.0,5,7,5,8,68,13.97,1,Hybrid,4.0,6,0,5,1
CAND_257,Software Engineering,Mid,UK,13.0,1,9,2,5,1,1,3.0,8,8,5,5,42,20.78,1,Onsite,5.0,9,0,5,1
CAND_258,Product,Senior,Germany,37.0,9,6,6,7,1,3,5.0,9,6,10,4,70,22.87,0,Remote,7.0,8,0,1,1
CAND_259,Software Engineering,Mid,France,53.0,14,9,3,4,0,2,9.0,9,9,7,7,86,15.75,1,Remote,4.0,6,0,4,1
CAND_260,Data,Senior,UK,29.0,5,4,6,3,1,2,7.0,7,6,5,7,82,12.66,0,Onsite,5.0,5,0,1,1
CAND_261,Data,Lead,Remote EU,33.0,4,8,4,5,1,3,6.0,9,7,10,5,41,29.06,0,Remote,8.0,4,0,2,1
CAND_262,Cybersecurity,Junior,France,59.0,6,4,4,5,1,0,9.0,6,6,8,8,42,29.11,1,Remote,9.0,5,1,5,1
CAND_263,AI,Senior,UK,58.0,6,2,4,7,1,1,4.0,8,9,10,4,103,12.24,0,Hybrid,5.0,8,0,4,1
CAND_264,IT Support,Mid,UK,41.0,2,9,6,4,1,1,9.0,5,10,4,7,86,16.99,1,Hybrid,10.0,10,1,1,1
CAND_265,Cloud,Mid,Spain,50.0,8,5,5,4,0,0,4.0,10,9,10,4,69,29.32,0,Hybrid,4.0,6,1,1,1
CAND_266,Software Engineering,Mid,Remote EU,45.0,7,4,3,7,1,3,6.0,9,4,7,7,109,5.12,1,Onsite,6.0,5,0,2,0
CAND_267,Software Engineering,Senior,Spain,43.0,1,2,4,4,0,1,9.0,8,7,9,8,74,15.32,0,Remote,10.0,5,1,1,1
CAND_268,Product,Senior,Germany,45.0,5,1,4,6,0,3,3.0,9,10,10,9,64,7.51,0,Remote,7.0,8,0,3,1
CAND_269,AI,Senior,Spain,11.0,12,7,4,3,0,3,3.0,4,4,5,7,32,17.73,1,Hybrid,9.0,10,0,5,1
CAND_270,Data,Lead,Spain,,6,6,3,5,1,2,5.0,5,7,4,9,34,5.62,0,Hybrid,8.0,4,1,1,1
CAND_271,Cloud,Senior,France,43.0,4,2,4,3,0,0,6.0,4,10,6,7,119,15.17,0,Onsite,9.0,10,0,1,1
CAND_272,Cybersecurity,Lead,UK,45.0,2,8,3,5,0,3,10.0,5,6,5,6,40,10.52,0,Onsite,,5,1,2,1
CAND_273,Data,Senior,Remote EU,15.0,13,4,4,6,1,4,3.0,8,10,4,8,100,18.33,1,Hybrid,5.0,8,0,3,1
CAND_274,AI,Senior,Spain,48.0,14,8,6,4,0,0,9.0,7,9,8,5,85,29.9,1,Onsite,4.0,4,1,1,1
CAND_275,IT Support,Mid,Remote EU,51.0,4,7,6,7,1,1,6.0,9,4,6,9,39,25.01,0,Hybrid,4.0,10,0,5,1
CAND_276,Cybersecurity,Junior,Spain,21.0,1,5,3,6,1,2,7.0,9,6,8,5,63,26.14,1,Hybrid,9.0,10,1,5,1
CAND_277,IT Support,Senior,Germany,12.0,7,8,6,3,0,1,4.0,6,9,9,8,96,20.88,1,Remote,7.0,10,0,1,1
CAND_278,Product,Mid,Spain,54.0,2,9,3,7,1,1,9.0,10,7,4,10,101,6.04,1,Hybrid,4.0,9,1,3,1
CAND_279,Product,Mid,France,27.0,13,5,6,4,0,0,4.0,4,10,8,5,60,10.17,1,Hybrid,9.0,4,1,5,1
CAND_280,Software Engineering,Lead,UK,49.0,2,5,6,6,1,1,4.0,9,9,9,8,104,28.13,0,Hybrid,4.0,10,0,5,1
CAND_281,IT Support,Mid,Germany,30.0,9,2,3,7,1,3,10.0,8,6,4,5,100,14.15,1,Onsite,7.0,9,1,3,1
CAND_282,AI,Mid,Spain,24.0,5,5,5,6,1,1,6.0,7,4,4,9,95,7.59,0,Onsite,8.0,6,0,3,1
CAND_283,Cloud,Senior,Remote EU,42.0,2,3,6,6,1,2,6.0,10,4,8,6,99,22.56,0,Onsite,10.0,8,1,1,1
CAND_284,Cybersecurity,Senior,Germany,44.0,11,7,4,4,0,2,5.0,8,10,4,5,70,12.49,1,Remote,9.0,10,0,4,1
CAND_285,Data,Mid,Germany,35.0,9,5,5,5,0,4,4.0,4,9,5,9,92,11.72,1,Onsite,6.0,4,1,2,0
CAND_286,AI,Senior,Spain,17.0,9,8,3,7,1,2,5.0,6,6,4,7,61,29.95,0,Remote,6.0,9,1,4,1
CAND_287,AI,Senior,Germany,45.0,1,1,5,4,1,1,10.0,9,5,7,8,49,26.45,0,Remote,9.0,9,0,4,1
CAND_288,Product,Junior,Remote EU,57.0,11,3,2,6,1,2,4.0,8,7,9,4,86,15.2,1,Remote,5.0,6,0,5,1
CAND_289,IT Support,Junior,Germany,39.0,3,3,2,4,1,0,5.0,10,7,4,10,79,29.51,0,Onsite,8.0,7,0,3,1
CAND_290,Software Engineering,Senior,Remote EU,32.0,4,9,6,5,1,2,5.0,5,6,7,4,109,21.25,0,Remote,5.0,8,1,5,1
CAND_291,Software Engineering,Mid,Spain,51.0,14,5,6,7,1,3,7.0,7,5,4,8,54,23.55,0,Onsite,10.0,7,0,2,1
CAND_292,Cybersecurity,Junior,UK,53.0,7,9,4,5,0,0,5.0,10,4,4,6,41,5.79,0,Hybrid,6.0,4,0,1,1
CAND_293,Product,Mid,Germany,23.0,10,9,5,3,1,4,6.0,8,10,8,5,100,8.04,1,Remote,7.0,8,1,2,1
CAND_294,AI,Mid,UK,23.0,4,1,2,7,1,3,5.0,7,8,5,6,68,20.83,0,Hybrid,9.0,6,0,5,1
CAND_295,Cloud,Mid,Remote EU,11.0,2,2,6,5,0,1,4.0,9,8,9,4,46,27.48,1,Hybrid,10.0,4,1,5,1
CAND_296,Product,Mid,Germany,46.0,7,5,5,6,1,1,5.0,5,10,5,10,74,20.59,0,Onsite,4.0,8,0,5,1
CAND_297,Cybersecurity,Mid,France,14.0,6,4,6,7,1,1,3.0,6,6,6,9,40,8.35,1,Hybrid,6.0,8,0,5,1
CAND_298,Cybersecurity,Mid,UK,47.0,3,9,6,7,1,3,8.0,10,5,8,10,99,7.89,1,Hybrid,8.0,7,1,4,1
CAND_299,Product,Senior,Germany,54.0,6,7,2,4,0,3,4.0,6,5,8,8,52,26.1,1,Hybrid,6.0,4,0,1,1
CAND_300,Cybersecurity,Junior,UK,50.0,11,6,2,6,0,3,3.0,5,7,5,8,99,8.48,1,Remote,8.0,6,0,4,0
CAND_301,Product,Senior,Germany,56.0,6,7,6,3,1,0,10.0,7,4,10,6,67,18.01,1,Remote,8.0,6,1,5,1
CAND_302,Data,Mid,Spain,23.0,12,1,3,5,1,0,4.0,9,9,8,9,31,5.93,0,Remote,9.0,4,0,3,1
CAND_303,Product,Senior,UK,48.0,5,1,6,4,0,1,6.0,8,5,5,6,115,7.02,1,Hybrid,8.0,4,1,4,1
CAND_304,IT Support,Mid,France,34.0,4,8,6,5,0,2,8.0,5,10,8,5,113,21.81,1,Hybrid,5.0,9,1,5,1
CAND_305,Product,Lead,France,29.0,10,2,4,3,1,1,,4,9,4,7,118,22.23,0,Remote,10.0,5,0,5,1
CAND_306,Cybersecurity,Senior,Remote EU,11.0,12,9,4,3,0,4,6.0,7,8,5,9,108,13.54,0,Remote,7.0,7,0,1,1
CAND_307,IT Support,Junior,Germany,48.0,1,7,4,7,1,0,8.0,6,9,5,7,101,10.39,1,Hybrid,6.0,4,1,2,1
CAND_308,Cybersecurity,Senior,UK,15.0,10,6,3,3,1,3,6.0,10,4,7,10,66,25.34,1,Onsite,7.0,4,0,4,1
CAND_309,Software Engineering,Mid,Remote EU,26.0,6,1,3,5,0,0,3.0,5,10,8,5,78,10.43,0,Onsite,10.0,5,0,4,0
CAND_310,Software Engineering,Mid,UK,34.0,2,1,6,6,1,3,10.0,6,4,8,7,81,18.55,0,Hybrid,4.0,5,1,4,1
CAND_311,IT Support,Junior,Germany,37.0,13,2,4,6,0,4,7.0,7,9,5,4,62,29.21,1,Hybrid,10.0,8,0,5,1
CAND_312,Data,Mid,France,11.0,3,6,3,7,0,4,,6,6,4,10,51,8.7,1,Remote,6.0,10,1,1,1
CAND_313,Software Engineering,Mid,Spain,44.0,14,6,2,5,1,0,6.0,5,5,4,7,34,28.52,1,Onsite,7.0,6,0,5,1
CAND_314,Product,Mid,France,46.0,8,2,6,5,1,3,4.0,7,10,9,5,47,9.57,1,Onsite,7.0,7,0,5,1
CAND_315,Cybersecurity,Senior,Remote EU,14.0,10,1,5,3,1,4,,4,6,4,7,67,19.19,1,Hybrid,9.0,8,0,3,1
CAND_316,Software Engineering,Junior,Spain,10.0,14,5,6,5,1,1,3.0,5,9,8,8,66,14.43,1,Hybrid,9.0,4,1,1,0
CAND_317,Software Engineering,Mid,Remote EU,49.0,14,5,5,4,0,1,7.0,8,5,10,6,93,29.12,1,Onsite,10.0,5,1,4,1
CAND_318,Data,Mid,Germany,21.0,6,2,4,3,0,3,10.0,9,7,7,4,39,11.84,1,Hybrid,10.0,9,1,2,1
CAND_319,IT Support,Junior,Spain,45.0,3,6,5,4,0,0,3.0,5,6,5,8,108,14.99,1,Hybrid,4.0,6,0,4,1
CAND_320,IT Support,Mid,Remote EU,54.0,7,9,4,7,0,4,8.0,7,6,6,8,71,29.57,0,Remote,8.0,8,0,5,1
CAND_321,AI,Senior,Germany,32.0,4,2,2,6,0,0,4.0,10,9,7,5,77,18.41,0,Hybrid,6.0,9,0,1,1
CAND_322,Data,Mid,France,56.0,14,2,5,7,0,1,9.0,9,8,10,6,73,17.57,1,Hybrid,9.0,6,0,1,1
CAND_323,Product,Junior,Germany,40.0,9,3,6,6,1,4,7.0,5,9,6,6,111,11.44,0,Hybrid,6.0,10,0,1,1
CAND_324,IT Support,Mid,UK,20.0,5,7,4,7,1,0,8.0,4,6,7,9,116,22.53,0,Remote,4.0,10,1,3,1
CAND_325,Cybersecurity,Junior,Germany,19.0,3,6,6,5,1,2,10.0,10,5,4,10,45,5.36,0,Onsite,9.0,9,0,4,1
CAND_326,Data,Senior,Germany,12.0,2,8,3,4,1,3,7.0,4,8,8,4,83,6.24,1,Remote,9.0,5,1,3,1
CAND_327,Software Engineering,Junior,UK,23.0,11,8,4,6,0,3,8.0,8,9,10,10,64,19.98,0,Hybrid,8.0,8,0,2,1
CAND_328,Cybersecurity,Mid,Remote EU,25.0,2,6,5,3,0,2,3.0,10,10,6,5,57,13.54,0,Remote,6.0,8,1,5,1
CAND_329,Cybersecurity,Lead,Remote EU,19.0,3,3,4,4,1,1,6.0,6,9,10,4,31,28.83,0,Remote,6.0,10,0,3,1
CAND_330,Software Engineering,Mid,Germany,38.0,2,3,6,3,1,4,4.0,10,6,7,9,42,27.58,1,Hybrid,6.0,6,0,3,1
CAND_331,Data,Lead,UK,19.0,14,1,2,4,0,3,5.0,9,6,8,7,70,22.84,0,Hybrid,8.0,9,0,5,1
CAND_332,Software Engineering,Junior,UK,21.0,4,7,4,4,1,2,5.0,10,7,10,8,109,25.45,0,Onsite,9.0,5,0,1,0
CAND_333,AI,Senior,France,39.0,2,5,5,7,1,2,,7,9,6,4,88,21.68,0,Remote,4.0,4,0,5,0
CAND_334,Cybersecurity,Mid,Remote EU,50.0,10,4,3,6,1,1,10.0,7,6,5,10,98,8.14,1,Hybrid,6.0,8,0,4,1
CAND_335,Cloud,Senior,Spain,10.0,9,4,2,6,0,1,4.0,6,10,7,8,82,24.14,0,Hybrid,7.0,4,0,5,1
CAND_336,Cloud,Junior,Remote EU,14.0,2,4,3,4,1,0,10.0,10,4,5,5,74,10.25,0,Remote,8.0,5,1,1,1
CAND_337,Product,Junior,Remote EU,29.0,9,6,4,5,1,3,4.0,4,8,4,10,49,13.09,1,Remote,5.0,10,1,5,1
CAND_338,IT Support,Junior,France,17.0,13,8,6,5,1,0,3.0,4,4,5,7,53,25.48,1,Onsite,4.0,8,1,3,1
CAND_339,Software Engineering,Senior,Spain,52.0,6,8,6,3,1,2,4.0,5,8,5,5,90,18.41,1,Hybrid,7.0,8,0,2,1
CAND_340,Software Engineering,Senior,France,21.0,1,5,5,3,1,4,6.0,8,10,9,7,87,26.5,1,Hybrid,6.0,9,1,3,1
CAND_341,Product,Senior,Spain,10.0,4,6,6,7,1,4,10.0,9,9,7,7,56,10.33,1,Hybrid,5.0,4,0,2,1
CAND_342,Product,Junior,Germany,29.0,14,4,2,4,0,1,3.0,8,7,4,8,55,20.19,0,Hybrid,4.0,10,0,5,1
CAND_343,Product,Senior,Spain,37.0,1,9,6,3,1,4,6.0,10,6,5,5,36,7.09,1,Hybrid,8.0,9,0,4,1
CAND_344,Cybersecurity,Mid,France,52.0,14,8,5,3,1,4,4.0,8,6,8,5,71,21.08,0,Hybrid,5.0,7,0,5,1
CAND_345,AI,Mid,Remote EU,46.0,6,1,4,4,1,4,3.0,5,6,6,4,76,24.06,1,Remote,9.0,4,0,1,1
CAND_346,Software Engineering,Junior,Spain,56.0,14,2,4,7,0,2,4.0,8,9,5,10,82,19.62,0,Onsite,10.0,4,0,5,0
CAND_347,Cybersecurity,Senior,Spain,46.0,13,9,6,3,0,4,10.0,6,8,4,5,88,11.66,0,Hybrid,5.0,7,0,2,1
CAND_348,Product,Junior,UK,21.0,4,8,3,7,1,4,3.0,5,10,5,4,67,5.78,1,Onsite,10.0,5,1,3,1
CAND_349,Software Engineering,Mid,Remote EU,46.0,3,3,4,6,1,4,4.0,6,6,6,6,98,7.99,0,Onsite,7.0,5,1,4,0
CAND_350,Cybersecurity,Senior,Germany,58.0,3,8,6,7,1,0,10.0,10,4,4,6,116,20.56,1,Onsite,4.0,8,1,5,1
CAND_351,AI,Junior,France,58.0,9,1,5,5,1,2,6.0,5,6,7,6,82,28.36,0,Hybrid,7.0,6,1,5,1
CAND_352,Cybersecurity,Mid,Germany,53.0,6,4,6,5,1,1,9.0,10,9,4,9,44,10.16,0,Remote,7.0,9,0,3,1
CAND_353,AI,Junior,Remote EU,37.0,9,3,4,7,1,0,6.0,10,10,7,5,55,23.38,1,Onsite,,6,1,4,1
CAND_354,Product,Mid,Spain,,13,6,5,5,1,3,4.0,8,7,4,9,77,26.66,1,Onsite,8.0,8,1,5,1
CAND_355,AI,Mid,Spain,24.0,5,7,6,6,1,2,3.0,6,10,10,10,48,18.02,1,Remote,5.0,6,0,5,0
CAND_356,Software Engineering,Mid,Remote EU,,2,4,2,4,1,2,5.0,10,4,6,5,38,21.73,0,Onsite,4.0,4,0,2,1
CAND_357,Product,Senior,Spain,53.0,8,7,5,5,0,3,6.0,6,6,6,4,93,25.38,1,Remote,9.0,4,1,2,1
CAND_358,Software Engineering,Mid,Spain,29.0,5,9,2,5,1,3,6.0,6,6,4,9,83,11.52,1,Onsite,8.0,7,0,1,1
CAND_359,Cloud,Mid,Spain,59.0,2,2,3,7,1,3,10.0,5,5,10,9,80,12.42,1,Remote,8.0,7,1,3,1
CAND_360,Data,Senior,France,23.0,4,3,5,6,0,1,8.0,7,8,5,10,68,5.02,0,Hybrid,4.0,8,0,4,1
CAND_361,AI,Mid,France,11.0,9,5,2,4,0,4,5.0,8,4,6,9,33,29.08,1,Remote,8.0,8,0,5,1
CAND_362,Data,Mid,UK,18.0,4,3,4,7,0,2,4.0,10,5,7,7,32,,1,Remote,6.0,10,0,5,1
CAND_363,Data,Mid,Germany,46.0,13,8,4,7,0,4,9.0,6,10,7,4,93,24.11,1,Hybrid,8.0,8,0,1,1
CAND_364,AI,Mid,Remote EU,29.0,12,8,3,6,0,4,3.0,9,7,8,6,58,6.98,1,Onsite,6.0,4,1,5,0
CAND_365,Product,Mid,Remote EU,35.0,12,8,5,4,1,3,8.0,7,8,9,4,40,16.19,1,Remote,,6,1,3,1
CAND_366,Cloud,Senior,Remote EU,38.0,12,9,5,6,1,1,4.0,10,4,10,7,87,7.55,0,Hybrid,5.0,9,0,1,1
CAND_367,Software Engineering,Senior,UK,10.0,13,4,5,4,1,0,7.0,9,6,9,10,104,5.4,0,Onsite,7.0,10,0,3,1
CAND_368,Cybersecurity,Junior,France,,14,5,3,6,0,1,9.0,8,10,9,10,56,20.4,1,Onsite,6.0,10,1,1,1
CAND_369,Software Engineering,Mid,UK,15.0,4,5,5,7,0,4,6.0,8,4,7,5,50,29.02,0,Remote,9.0,10,1,5,1
CAND_370,Cybersecurity,Mid,Remote EU,46.0,2,8,4,7,1,1,7.0,6,6,8,4,68,27.57,0,Onsite,5.0,8,0,1,1
CAND_371,Software Engineering,Lead,Germany,14.0,13,7,2,3,0,3,6.0,6,8,9,10,75,22.42,0,Hybrid,8.0,8,0,2,1
CAND_372,AI,Junior,Spain,42.0,12,9,4,5,1,0,6.0,10,6,9,9,95,7.42,0,Hybrid,4.0,4,1,4,0
CAND_373,Cloud,Junior,France,58.0,6,8,4,6,1,3,7.0,5,7,4,10,65,11.85,1,Remote,4.0,9,1,5,1
CAND_374,Cybersecurity,Mid,France,23.0,13,2,2,3,1,0,9.0,7,10,4,10,104,13.0,1,Remote,10.0,4,0,4,1
CAND_375,IT Support,Mid,UK,21.0,11,4,4,5,0,4,10.0,10,9,4,10,111,24.08,0,Remote,6.0,9,0,5,1
CAND_376,Product,Senior,France,51.0,14,6,3,6,1,0,7.0,7,6,5,10,94,25.06,0,Onsite,9.0,4,1,4,1
CAND_377,Software Engineering,Junior,Remote EU,29.0,2,2,2,4,0,0,4.0,6,7,9,6,92,,1,Remote,7.0,6,1,2,1
CAND_378,Software Engineering,Senior,Remote EU,59.0,12,7,4,5,1,0,8.0,8,9,5,6,64,15.45,1,Onsite,8.0,8,0,4,1
CAND_379,Cybersecurity,Junior,UK,33.0,7,3,6,7,1,1,8.0,6,10,8,5,60,6.11,1,Hybrid,6.0,5,0,1,0
CAND_380,Product,Senior,Remote EU,52.0,3,3,4,3,0,1,7.0,8,8,10,10,57,12.23,1,Hybrid,10.0,5,1,4,1
CAND_381,Product,Junior,Germany,43.0,3,2,3,5,0,4,,10,8,7,4,30,16.28,0,Onsite,4.0,8,0,5,1
CAND_382,AI,Junior,UK,34.0,5,8,5,5,0,0,10.0,8,10,9,7,54,7.92,1,Remote,6.0,10,0,3,1
CAND_383,IT Support,Senior,Germany,59.0,3,6,4,7,1,2,8.0,6,10,7,5,72,16.33,1,Onsite,8.0,8,0,4,1
CAND_384,AI,Lead,Spain,38.0,2,1,5,6,0,4,4.0,4,4,10,4,113,26.33,1,Hybrid,9.0,8,0,4,1
CAND_385,AI,Senior,Germany,48.0,10,1,6,4,1,0,10.0,7,7,4,10,96,19.53,1,Remote,,8,1,4,1
CAND_386,AI,Mid,Spain,40.0,9,7,4,7,0,0,4.0,9,7,9,8,92,6.97,0,Remote,5.0,10,0,5,1
CAND_387,AI,Lead,Spain,56.0,2,8,2,4,1,1,6.0,8,10,6,10,80,9.79,1,Onsite,8.0,9,1,4,1
CAND_388,AI,Junior,Germany,52.0,14,5,5,6,1,4,8.0,8,5,5,6,31,16.86,1,Hybrid,10.0,6,0,5,1
CAND_389,Cloud,Lead,UK,59.0,11,5,6,5,1,0,10.0,4,5,5,7,111,14.04,0,Remote,5.0,5,0,5,1
CAND_390,Product,Mid,Remote EU,,2,4,2,4,1,0,8.0,10,9,9,9,93,13.97,0,Hybrid,5.0,7,0,3,1
CAND_391,AI,Senior,Remote EU,,13,6,2,3,0,4,6.0,10,9,10,7,103,18.23,0,Hybrid,5.0,5,1,1,1
CAND_392,Product,Senior,Spain,47.0,8,6,2,3,0,2,7.0,10,5,4,9,98,19.61,0,Onsite,6.0,5,1,5,1
CAND_393,Product,Senior,Spain,29.0,9,3,2,7,1,4,6.0,9,10,5,7,38,24.92,0,Hybrid,10.0,10,0,2,1
CAND_394,Data,Mid,UK,32.0,7,9,4,6,0,4,8.0,5,10,4,6,31,13.52,0,Remote,4.0,4,1,4,1
CAND_395,Cloud,Mid,France,54.0,3,7,4,7,1,2,8.0,4,9,8,9,63,,1,Hybrid,9.0,8,1,2,1
CAND_396,AI,Senior,Germany,25.0,9,1,4,7,0,4,9.0,9,6,7,4,89,13.47,0,Hybrid,6.0,8,1,4,1
CAND_397,Software Engineering,Junior,Spain,59.0,3,7,6,7,0,0,10.0,4,10,10,9,90,6.39,0,Hybrid,4.0,8,0,3,1
CAND_398,Cybersecurity,Lead,Remote EU,51.0,5,5,6,3,0,4,7.0,8,5,6,5,60,18.85,1,Hybrid,9.0,4,1,5,1
CAND_399,IT Support,Senior,UK,17.0,9,5,6,3,1,2,6.0,7,7,7,4,39,19.7,1,Onsite,10.0,10,0,1,1
CAND_400,Software Engineering,Junior,Germany,59.0,12,2,3,7,0,3,10.0,4,10,7,5,105,,1,Onsite,10.0,6,0,5,1
CAND_401,Cloud,Senior,UK,30.0,14,4,6,3,1,4,3.0,5,10,8,10,65,23.15,0,Hybrid,8.0,6,1,4,1
CAND_402,Cybersecurity,Mid,Germany,10.0,14,6,4,6,0,1,10.0,6,6,5,7,114,27.94,1,Hybrid,9.0,10,0,1,1
CAND_403,Cloud,Senior,Germany,17.0,3,7,4,7,1,0,3.0,9,9,6,4,78,27.71,0,Hybrid,9.0,7,0,5,1
CAND_404,Product,Senior,Spain,38.0,7,5,3,3,0,0,7.0,4,10,5,7,99,20.11,1,Hybrid,10.0,6,0,1,1
CAND_405,Cybersecurity,Junior,UK,41.0,12,9,3,4,1,1,6.0,4,8,9,10,78,18.19,0,Hybrid,9.0,10,1,4,1
CAND_406,Product,Mid,UK,47.0,1,3,6,7,1,1,6.0,5,4,7,8,32,18.94,1,Onsite,7.0,6,1,3,1
CAND_407,Software Engineering,Lead,Remote EU,,4,1,5,7,0,4,4.0,7,5,9,7,103,29.46,0,Remote,8.0,8,0,3,1
CAND_408,Software Engineering,Mid,Remote EU,56.0,4,4,3,6,1,1,8.0,4,8,4,10,34,24.33,1,Hybrid,6.0,9,1,5,0
CAND_409,Cybersecurity,Mid,Spain,31.0,7,9,2,5,1,3,5.0,4,9,7,7,119,7.66,1,Onsite,6.0,10,0,2,1
CAND_410,Cybersecurity,Mid,Spain,56.0,8,4,4,5,1,2,9.0,7,7,5,10,90,24.46,0,Onsite,4.0,5,0,4,1
CAND_411,AI,Mid,France,43.0,1,2,2,6,1,1,10.0,5,4,7,5,114,9.26,0,Remote,6.0,6,1,5,1
CAND_412,Cloud,Mid,Remote EU,10.0,5,5,4,6,0,1,7.0,9,8,4,10,119,16.18,1,Onsite,5.0,6,0,5,1
CAND_413,AI,Mid,Germany,35.0,7,3,4,6,1,3,5.0,9,4,8,9,55,10.26,1,Remote,9.0,4,0,3,1
CAND_414,Cloud,Junior,UK,52.0,12,9,3,5,0,0,10.0,4,5,9,8,101,22.24,1,Onsite,6.0,7,0,1,1
CAND_415,AI,Senior,Spain,19.0,4,4,3,6,0,0,5.0,7,9,9,7,34,26.93,0,Remote,4.0,9,1,4,1
CAND_416,Product,Junior,UK,39.0,13,6,2,3,1,4,7.0,4,10,5,10,44,12.26,0,Remote,4.0,4,0,1,1
CAND_417,Cybersecurity,Junior,UK,59.0,4,2,4,7,0,3,6.0,10,7,7,10,45,7.05,1,Hybrid,5.0,8,1,4,0
CAND_418,Software Engineering,Junior,France,27.0,4,6,2,7,1,2,7.0,6,9,5,7,30,12.46,1,Onsite,4.0,5,1,2,0
CAND_419,Cloud,Junior,Remote EU,26.0,12,3,5,4,1,2,10.0,9,4,8,8,45,21.81,1,Onsite,10.0,7,0,3,1
CAND_420,Cloud,Mid,Spain,35.0,6,9,2,4,1,3,5.0,10,8,7,8,66,,1,Hybrid,7.0,4,1,2,1
CAND_421,Software Engineering,Senior,UK,17.0,7,2,6,7,1,2,8.0,8,5,7,10,32,11.95,1,Hybrid,10.0,10,0,5,1
CAND_422,AI,Senior,Spain,56.0,2,9,2,3,0,0,9.0,6,5,5,4,81,9.61,1,Onsite,9.0,6,0,3,0
CAND_423,Cloud,Junior,Germany,49.0,5,5,6,5,0,2,9.0,4,9,5,5,76,17.44,0,Onsite,9.0,6,1,5,1
CAND_424,IT Support,Senior,France,58.0,4,8,6,5,1,2,8.0,5,10,4,8,42,11.9,0,Hybrid,9.0,7,1,2,1
CAND_425,Product,Senior,Germany,21.0,14,2,6,3,0,3,8.0,9,8,10,8,109,23.28,1,Hybrid,8.0,6,0,4,0
CAND_426,Cybersecurity,Mid,Spain,36.0,13,6,5,5,0,3,6.0,8,10,10,6,84,6.92,0,Onsite,6.0,10,0,5,1
CAND_427,Software Engineering,Lead,Spain,17.0,3,3,2,6,0,2,10.0,6,10,8,9,50,21.6,0,Onsite,7.0,4,0,1,1
CAND_428,Cybersecurity,Lead,Remote EU,34.0,7,5,2,7,1,1,3.0,9,8,10,8,95,10.94,0,Remote,6.0,4,0,4,1
CAND_429,IT Support,Junior,UK,55.0,11,8,5,7,1,3,7.0,7,4,4,5,83,17.23,0,Hybrid,7.0,6,0,4,0
CAND_430,Cloud,Mid,UK,13.0,12,1,4,3,0,4,9.0,5,9,9,9,56,12.15,1,Remote,6.0,6,0,2,1
CAND_431,Cloud,Lead,Germany,42.0,6,5,3,5,1,4,8.0,6,9,7,9,67,23.07,1,Hybrid,5.0,8,1,2,1
CAND_432,IT Support,Senior,France,10.0,14,3,2,4,0,0,7.0,7,6,5,7,119,28.63,0,Onsite,10.0,5,0,3,1
CAND_433,Software Engineering,Junior,UK,28.0,7,4,3,4,0,2,9.0,10,9,7,7,87,27.93,0,Hybrid,4.0,7,0,3,1
CAND_434,Product,Senior,Remote EU,40.0,5,2,5,5,1,1,8.0,4,5,7,7,91,19.59,1,Hybrid,4.0,4,1,1,1
CAND_435,Data,Senior,Germany,25.0,13,9,4,4,1,0,10.0,7,4,6,7,75,,0,Remote,10.0,7,1,4,1
CAND_436,Software Engineering,Senior,Germany,23.0,6,3,4,3,1,2,9.0,6,8,9,6,118,25.46,1,Hybrid,5.0,8,0,1,1
CAND_437,Data,Senior,Remote EU,,5,2,4,3,0,3,6.0,6,9,6,8,40,22.08,1,Onsite,7.0,4,0,1,1
CAND_438,IT Support,Senior,France,14.0,14,9,5,5,1,4,3.0,10,4,10,7,101,9.59,0,Remote,10.0,8,1,2,0
CAND_439,AI,Junior,Remote EU,50.0,7,7,6,4,1,1,3.0,4,9,7,10,37,25.52,1,Hybrid,8.0,8,0,1,1
CAND_440,Data,Junior,France,35.0,2,6,6,3,1,4,8.0,7,8,5,4,100,15.72,1,Remote,7.0,9,0,1,1
CAND_441,Product,Senior,Remote EU,37.0,14,1,3,3,1,3,9.0,7,7,7,7,93,9.72,0,Remote,4.0,6,1,5,1
CAND_442,AI,Lead,Remote EU,11.0,11,5,6,6,1,2,6.0,4,8,9,8,50,12.04,1,Onsite,8.0,10,0,3,1
CAND_443,Data,Mid,Spain,59.0,5,3,6,6,1,3,4.0,7,8,6,7,101,11.69,0,Hybrid,6.0,9,0,3,0
CAND_444,IT Support,Mid,Germany,15.0,6,1,4,3,1,3,7.0,9,8,5,6,92,17.98,0,Hybrid,8.0,7,0,4,1
CAND_445,AI,Senior,Remote EU,18.0,6,4,4,5,1,4,7.0,4,9,7,5,114,10.86,1,Hybrid,7.0,10,0,3,1
CAND_446,IT Support,Mid,Remote EU,42.0,5,2,3,7,1,1,5.0,5,6,8,5,93,8.09,1,Hybrid,5.0,7,0,4,1
CAND_447,Data,Senior,UK,50.0,10,2,2,7,1,3,6.0,6,8,9,8,49,8.09,1,Remote,6.0,6,1,5,0
CAND_448,IT Support,Senior,Germany,34.0,7,3,3,3,1,4,9.0,5,5,9,10,37,19.58,0,Remote,7.0,10,0,3,1
CAND_449,Product,Senior,UK,57.0,10,8,3,3,0,1,10.0,9,5,8,5,87,23.37,0,Onsite,6.0,9,0,5,1
CAND_450,Data,Mid,Germany,22.0,8,8,5,3,0,2,10.0,10,4,7,5,75,13.04,1,Onsite,8.0,7,0,3,1
CAND_451,Data,Mid,UK,18.0,7,7,5,5,1,2,5.0,9,6,9,4,60,5.87,0,Hybrid,4.0,9,1,3,1
CAND_452,Data,Mid,Remote EU,22.0,5,6,3,6,1,0,8.0,8,4,5,8,38,8.18,1,Onsite,7.0,6,0,5,1
CAND_453,Software Engineering,Mid,Remote EU,40.0,1,9,3,3,1,4,9.0,8,5,7,10,44,27.87,1,Remote,5.0,10,0,1,1
CAND_454,Software Engineering,Mid,Spain,50.0,13,4,3,3,0,1,5.0,8,10,7,8,55,17.34,1,Hybrid,10.0,10,1,1,1
CAND_455,Software Engineering,Mid,UK,20.0,5,1,6,4,1,3,3.0,4,5,6,5,39,16.34,1,Hybrid,8.0,4,0,1,0
CAND_456,Product,Junior,France,13.0,10,8,5,5,0,2,7.0,7,7,9,5,58,5.95,0,Onsite,7.0,8,0,1,1
CAND_457,AI,Junior,Spain,43.0,2,7,3,3,1,1,9.0,9,8,9,5,109,23.22,0,Remote,5.0,8,0,3,1
CAND_458,IT Support,Mid,UK,47.0,13,7,4,4,1,4,5.0,5,10,8,9,65,18.2,0,Onsite,7.0,9,0,2,1
CAND_459,Cloud,Mid,UK,,5,3,4,7,1,0,3.0,10,5,6,6,113,10.05,1,Remote,8.0,10,0,5,1
CAND_460,Data,Mid,Spain,13.0,5,4,6,3,1,2,6.0,5,9,10,7,66,7.75,1,Hybrid,7.0,7,1,2,1
CAND_461,IT Support,Senior,Remote EU,47.0,2,9,6,3,1,1,5.0,5,9,6,6,115,14.58,1,Remote,6.0,9,0,2,1
CAND_462,Data,Senior,UK,28.0,5,6,2,4,1,1,8.0,5,4,9,8,100,25.93,1,Hybrid,8.0,9,0,4,1
CAND_463,Product,Junior,Remote EU,15.0,13,5,2,5,0,1,8.0,10,10,7,4,52,26.63,1,Onsite,7.0,5,0,1,1
CAND_464,Data,Senior,Spain,43.0,4,3,2,3,1,4,8.0,8,4,6,7,70,20.07,0,Remote,10.0,10,0,3,1
CAND_465,Software Engineering,Mid,Remote EU,27.0,1,9,6,7,1,4,9.0,5,8,8,4,109,23.19,0,Onsite,4.0,8,0,1,1
CAND_466,Cloud,Senior,Germany,22.0,3,5,6,3,1,4,10.0,10,8,6,10,57,7.88,0,Hybrid,7.0,10,1,1,1
CAND_467,Cybersecurity,Mid,France,50.0,1,5,6,7,0,3,10.0,10,7,8,9,77,19.7,1,Onsite,6.0,6,0,2,1
CAND_468,Data,Lead,UK,32.0,12,4,4,6,1,1,7.0,7,6,10,8,67,21.67,0,Remote,5.0,9,1,4,1
CAND_469,IT Support,Senior,France,28.0,11,4,6,6,0,2,,10,4,6,9,60,10.02,1,Remote,10.0,5,0,1,1
CAND_470,Software Engineering,Senior,Remote EU,54.0,5,1,4,7,1,4,6.0,8,8,8,8,43,27.0,1,Hybrid,5.0,5,0,5,1
CAND_471,Cybersecurity,Senior,UK,20.0,4,7,2,5,1,4,5.0,5,4,6,4,102,9.87,1,Hybrid,10.0,8,0,5,1
CAND_472,Cloud,Junior,Remote EU,10.0,7,9,2,3,1,1,7.0,10,8,10,4,117,12.84,1,Remote,5.0,8,0,1,1
CAND_473,Cybersecurity,Junior,Germany,33.0,5,3,2,3,1,4,3.0,4,5,6,4,106,20.51,0,Onsite,4.0,8,0,2,1
CAND_474,Software Engineering,Senior,Spain,16.0,10,2,3,6,0,3,7.0,10,4,5,8,119,20.96,0,Remote,6.0,6,0,2,0
CAND_475,AI,Mid,UK,34.0,14,3,3,7,0,3,8.0,6,5,8,5,58,22.48,1,Onsite,8.0,5,1,3,1
CAND_476,AI,Senior,Germany,30.0,4,1,5,3,1,4,9.0,6,4,10,4,80,7.8,0,Remote,5.0,7,0,4,1
CAND_477,Cybersecurity,Junior,Germany,24.0,2,6,5,3,1,1,3.0,6,6,8,9,78,26.24,0,Remote,,6,0,2,1
CAND_478,Product,Mid,UK,10.0,4,7,5,5,0,1,9.0,10,7,8,10,72,18.32,1,Remote,6.0,4,0,3,1
CAND_479,IT Support,Mid,Remote EU,21.0,12,2,3,4,1,1,8.0,8,9,4,7,101,16.78,0,Hybrid,7.0,9,0,5,1
CAND_480,IT Support,Mid,Germany,16.0,2,8,3,6,1,0,,5,9,10,8,116,29.53,1,Hybrid,4.0,8,0,5,1
CAND_481,Cybersecurity,Senior,France,24.0,8,6,5,6,1,4,7.0,9,9,6,9,34,23.51,1,Hybrid,6.0,5,0,5,1
CAND_482,Data,Mid,Germany,30.0,3,4,5,4,1,1,7.0,9,5,8,6,71,7.95,0,Onsite,6.0,9,0,1,1
CAND_483,Data,Mid,Remote EU,28.0,9,5,6,3,0,3,6.0,9,10,9,10,36,23.91,0,Hybrid,8.0,10,1,4,1
CAND_484,IT Support,Mid,Remote EU,38.0,13,8,5,5,0,2,5.0,8,8,4,6,71,7.38,0,Hybrid,6.0,6,1,3,1
CAND_485,IT Support,Mid,France,34.0,4,3,6,5,1,2,3.0,7,9,5,7,65,5.69,1,Remote,8.0,4,0,4,1
CAND_486,AI,Senior,Germany,42.0,13,3,4,6,1,1,10.0,4,6,8,5,56,15.09,0,Hybrid,4.0,10,0,1,1
CAND_487,Product,Junior,Remote EU,58.0,6,4,3,5,1,2,9.0,4,9,8,4,87,29.84,1,Onsite,4.0,6,1,3,1
CAND_488,Software Engineering,Mid,UK,41.0,10,1,5,4,1,2,3.0,6,4,4,8,75,9.37,0,Hybrid,,6,0,3,1
CAND_489,Data,Mid,Spain,58.0,5,9,3,3,1,0,6.0,6,5,6,9,95,21.82,0,Hybrid,8.0,7,0,2,1
CAND_490,IT Support,Senior,Spain,44.0,10,8,3,4,1,3,6.0,10,10,9,4,54,9.33,0,Onsite,8.0,9,0,4,1
CAND_491,AI,Mid,Spain,53.0,13,8,3,7,1,3,9.0,9,4,5,9,102,23.12,0,Onsite,5.0,7,0,4,1
CAND_492,Cloud,Senior,Germany,,1,6,4,6,1,0,10.0,10,10,8,8,56,17.63,0,Remote,5.0,6,0,2,0
CAND_493,AI,Lead,France,35.0,9,7,2,5,1,0,5.0,9,4,6,6,30,22.0,1,Hybrid,7.0,4,0,5,0
CAND_494,Data,Mid,Remote EU,20.0,1,6,5,7,0,2,9.0,6,4,10,4,116,10.07,1,Hybrid,4.0,5,0,1,1
CAND_495,Data,Junior,UK,44.0,8,9,2,5,1,4,9.0,5,7,9,7,103,23.64,0,Hybrid,9.0,5,0,4,1
CAND_496,AI,Mid,UK,17.0,9,3,2,3,0,2,8.0,7,7,10,5,71,29.89,0,Remote,5.0,10,1,2,1
CAND_497,Software Engineering,Mid,Germany,55.0,9,3,2,3,1,0,,10,8,9,7,81,21.64,1,Onsite,6.0,9,0,3,1
CAND_498,Cybersecurity,Senior,Spain,23.0,1,3,3,3,1,3,5.0,7,5,5,5,54,17.34,1,Remote,4.0,8,0,2,1
CAND_499,Data,Lead,Germany,19.0,2,3,6,5,1,2,7.0,7,6,7,10,83,28.08,0,Onsite,9.0,8,0,5,1
CAND_500,AI,Junior,France,11.0,12,9,3,7,0,4,8.0,7,6,9,9,96,5.4,1,Remote,6.0,5,1,1,1
CAND_362,Data,Mid,UK,18.0,4,3,4,7,0,2,4.0,10,5,7,7,32,27.94,1,Remote,6.0,10,0,5,1
CAND_074,Cloud,Senior,Spain,28.0,8,9,5,3,0,4,5.0,5,10,9,9,58,6.37,0,Remote,4.0,4,0,5,0
CAND_375,IT Support,Mid,UK,21.0,11,4,4,5,0,4,10.0,10,9,4,10,111,24.08,0,Remote,6.0,9,0,5,1
CAND_156,Product,Mid,Spain,37.0,5,3,3,7,1,4,7.0,8,5,5,8,67,24.66,0,Remote,8.0,6,1,5,1
CAND_105,AI,Junior,Germany,33.0,9,3,6,4,1,4,9.0,6,10,9,6,105,16.85,1,Hybrid,10.0,9,0,4,1
CAND_395,Cloud,Mid,France,54.0,3,7,4,7,1,2,8.0,4,9,8,9,63,25.14,1,Hybrid,9.0,8,1,2,1
CAND_378,Software Engineering,Senior,Remote EU,59.0,12,7,4,5,1,0,8.0,8,9,5,6,64,15.45,1,Onsite,8.0,8,0,4,1
CAND_125,Software Engineering,Senior,Germany,20.0,4,4,4,3,0,1,10.0,5,5,8,8,101,9.43,0,Remote,7.0,10,0,2,1
CAND_069,Cybersecurity,Mid,Spain,56.0,12,2,6,4,1,0,8.0,10,6,4,10,98,9.12,0,Onsite,5.0,7,0,2,1
CAND_451,Data,Mid,UK,18.0,7,7,5,5,1,2,5.0,9,6,9,4,60,5.87,0,Hybrid,4.0,9,1,3,1
